0,1
tasks,1
python,4
automate,1
beyond,1
brainless,1
ai,3
feature,1
store,1
machine,14
learning,13
model,3
training,2
deadly,1
sins,1
data,36
warehouse,1
giants,1
bigquery,1
vs,1
snowflake,1
comparison,1
scientist,5
stakeholders,1
communicate,1
next,2
years,1
science,8
jobs,1
shortage,1
alexandria,1
goes,1
shoe,1
shopping,1
similarity,1
search,1
euclid,1
interpretation,1
hiring,1
scientists,3
stop,1
start,1
make,3
code,1
run,1
incredibly,1
fast,1
simple,1
sentiment,1
analysis,1
app,1
via,1
api,1
deploy,1
create,1
income,1
doubled,1
simplicity,1
illusion,1
migration,1
overcoming,1
pandas,3
times,1
faster,3
pypolars,1
top,6
extraction,1
tools,1
stories,3
may,5
step,4
approach,2
guide,3
become,2
experiments,1
supercharge,1
pycaret,3
gradio,1
mathematical,1
optimization,1
report,1
state,1
essential,3
math,1
change,1
basis,1
nlp,1
projects,1
dataset,1
curation,1
tips,1
right,1
bi,1
tool,1
choosing,1
business,2
governance,1
converge,1
security,1
big,1
airside,1
live,1
natural,1
language,1
processing,1
research,1
great,1
new,1
resource,1
applications,1
books,2
read,1
analytics,3
trends,2
factors,1
consider,1
budgeting,1
topic,1
modeling,1
streamlit,1
programming,2
languages,1
uses,1
algorithms,2
beginner,1
’,2
kdnuggets,2
™,2
news,2
recently,1
engineer,3
careers,3
apply,2
n20,1
explained,4
vector,1
rise,1
career,1
soft,1
skills,3
break,1
custom,1
models,1
using,2
write,1
train,1
categorical,1
deal,1
validation,1
optional,1
imperative,1
benefiting,1
source,1
elt,1
platform,1
raise,1
capital,1
vcs,1
used,1
pitch,1
open,2
deck,1
building,1
restful,1
apis,1
flask,1
things,1
need,1
know,2
dataops,2
awesome,1
list,1
datasets,1
categories,1
overtrained,1
determine,1
summit,1
cfp,1
differentiable,1
scratch,1
progress,1
track,1
checklist,1
demand,2
engineers,2
1000x,2
vaex,2
n19,1
practitioner,1
survey,1
worth,1
want,1
animated,1
bar,1
chart,1
races,1
easy,1
mlops,1
mlflow,1
translation,1
nutshell,1
linear,1
algebra,1
automated,1
binary,1
classification,1
best,1
advanced,1
programmers,1
beginners,1
automl,1
frameworks,1
generation,1
reimagine,1
one,1
important,1
deepmind,1
wants,1
